risk_rank,ac_no,constituency,district,risk_score,winner_party_2022,winner_candidate_2022,winner_pct_2022,runnerup_party_2022,runnerup_candidate_2022,runnerup_pct_2022,margin_votes_2022,margin_pct_2022,margin_pct_2017,margin_trend,seat_turnover,closeness_score,trend_score,turnover_score
1,237,Manikpur,Chitrakoot,98.18,AD(S),Avinash Chandra Dwivedi,35.17,SP,Veer Singh Patel,34.67,1048.0,0.5,23.3,22.8,True,99.0,95.6,100.0
2,239,Bindki,Fatehpur,98.01,AD(S),Jai Kumar Singh Jaiki,40.96,SP,Rameshwar Dayal,38.97,3797.0,1.990000000000002,31.0,29.009999999999998,True,96.02,100.0,100.0
3,180,Rae Bareli,Raebareli,96.89,BJP,Aditi Singh,44.51,SP,Ram Pratap Yadav,41.4,7175.0,3.1099999999999994,43.73,40.62,True,93.78,100.0,100.0
4,220,Kalpi,Jalaun,96.71,SP,Vinod Chaturvedi,29.48,NISHAD,Chhote Singh,28.29,2816.0,1.1900000000000013,22.69,21.5,True,97.62,93.0,100.0
5,310,Basti Sadar,Basti,96.13,SP,Mahendra Nath Yadav,39.81,BJP,Dayaram Choudhary,38.99,1779.0,0.8200000000000003,20.740000000000002,19.92,True,98.36,89.84,100.0
6,23,Chandpur,Bijnor,94.67,SP,Swami Omvesh,40.34,BJP,Kamlesh Saini,40.24,234.0,0.10000000000000142,16.390000000000004,16.290000000000003,True,99.8,82.58000000000001,100.0
7,118,Baheri,Bareilly,93.42,SP,Ataur Rehman,46.67,BJP,Chhatrapal Singh Gangwar,45.41,3355.0,1.2600000000000051,17.389999999999997,16.129999999999992,True,97.47999999999999,82.25999999999999,100.0
8,312,Menhdawal,Sant Kabir Nagar,93.15,NISHAD,Anil Kumar Tripathi,37.23,SP,Jay Chand,35.08,5223.0,2.1499999999999986,19.32,17.17,True,95.7,84.34,100.0
9,375,Ghazipur Sadar,Ghazipur,93.02,SP,Jai Kishan Sahu,40.81,BJP,Sangeeta Balwant Bind,40.06,1692.0,0.75,15.370000000000001,14.620000000000001,True,98.5,79.24000000000001,100.0
10,267,Ramnagar,Barabanki,91.0,SP,Fareed Mahfooz Kidwai,41.96,BJP,Sharad Kumar Awasthi,41.85,261.0,0.10999999999999943,10.29,10.18,True,99.78,70.36,100.0
11,269,Zaidpur (SC),Barabanki,90.2,SP,Gaurav Kumar,40.86,BJP,Ambrish Rawat,39.79,2982.0,1.0700000000000003,11.520000000000003,10.450000000000003,True,97.86,70.9,100.0
12,96,Jasrana,Firozabad,89.8,SP,Sachin Yadav,43.71,BJP,Manvendra Lodhi,43.37,836.0,0.3400000000000034,8.900000000000006,8.560000000000002,True,99.32,67.12,100.0
13,177,Bachhrawan (SC),Raebareli,89.73,SP,Shyam Sunder Bharti,31.38,AD(S),Laxmikant,30.04,2812.0,1.3399999999999999,11.450000000000003,10.110000000000003,True,97.32,70.22,100.0
14,10,Shamli,Shamli,88.73,RLD,Persann Kumar Chaudhary,48.86,BJP,Tejendra Nirwal,45.49,7107.0,3.3699999999999974,15.21,11.840000000000003,True,93.26,73.68,100.0
15,311,Mahadewa (SC),Basti,88.72,SBSP,Dudhram,39.47,BJP,Ravi Kumar Sonkar,36.87,5495.0,2.6000000000000014,13.129999999999999,10.529999999999998,True,94.8,71.06,100.0
16,259,Meja,Prayagraj,88.72,SP,Sandeep Singh Patel,42.12,BJP,Neelam Karwariya,40.28,3439.0,1.8399999999999963,11.099999999999998,9.260000000000002,True,96.32000000000001,68.52000000000001,100.0
17,203,Dibiyapur,Auraiya,88.42,SP,Pradeep Kumar Yadav,40.34,BJP,Lakhan Singh Rajput,40.1,473.0,0.240000000000002,6.339999999999996,6.099999999999994,True,99.52,62.19999999999999,100.0
18,240,Fatehpur,Fatehpur,88.35,SP,Chandra Prakash Lodhi,45.24,BJP,Vikram Singh,41.22,8601.0,4.020000000000003,16.3,12.279999999999998,True,91.96,74.56,100.0
19,251,Sirathu,Kaushambi,87.95,SP,Pallavi Patel,46.49,BJP,Keshav Prasad Maurya,43.28,7337.0,3.210000000000001,13.480000000000004,10.270000000000003,True,93.58,70.54,100.0
20,12,Charthawal,Muzaffarnagar,87.93,SP,Pankaj Kumar Malik,43.82,BJP,Sapna Kashyap,41.42,5334.0,2.3999999999999986,11.280000000000005,8.880000000000006,True,95.2,67.76000000000002,100.0
21,79,Sadabad,Hathras,87.83,RLD,Pradeep Kumar Singh,43.25,BJP,Ramveer Upadhyay,40.6,6437.0,2.6499999999999986,11.79,9.14,True,94.7,68.28,100.0
22,371,Zafrabad,Jaunpur,87.77,SBSP,Jagdish Narayan,40.57,BJP,Harendra Prasad Singh,37.76,6292.0,2.8100000000000023,12.11,9.299999999999997,True,94.38,68.6,100.0
23,218,Ghatampur (SC),Kanpur Nagar,87.54,AD(S),Saroj Kureel,41.6,SP,Bhagwati Prasad Sagar,34.23,14474.0,7.3700000000000045,23.89,16.519999999999996,True,85.25999999999999,83.03999999999999,100.0
24,288,Kaiserganj,Bahraich,87.52,SP,Anand Kumar,45.51,BJP,Gaurav Verma,42.11,7771.0,3.3999999999999986,13.27,9.870000000000001,True,93.2,69.74000000000001,100.0
25,253,Chail,Kaushambi,87.49,SP,Pooja Pal,39.65,AD(S),Nagendra Pratap Singh,33.76,13209.0,5.890000000000001,19.86,13.969999999999999,True,88.22,77.94,100.0
26,305,Itwa,Siddharthnagar,87.26,SP,Mata Prasad Pandey,38.54,BJP,Satish Chandra Dwiwedi,37.55,1662.0,0.990000000000002,6.41,5.419999999999998,True,98.02,60.839999999999996,100.0
27,365,Shahganj,Jaunpur,87.1,NISHAD,Ramesh Singh,36.21,SP,Shailendra Yadav Lalai,35.91,719.0,0.30000000000000426,4.300000000000001,3.9999999999999964,True,99.39999999999999,57.99999999999999,100.0
28,116,Shekhupur,Budaun,87.03,SP,Himanshu Yadav,42.84,BJP,Dharmendra Shakya,40.36,6100.0,2.480000000000004,9.989999999999998,7.5099999999999945,True,95.03999999999999,65.01999999999998,100.0
29,112,Bisauli (SC),Budaun,86.66,SP,Ashutosh Maurya,44.23,BJP,Kushagra Sagar,43.5,1834.0,0.7299999999999969,4.719999999999999,3.990000000000002,True,98.54,57.980000000000004,100.0
30,357,Belthara Road (SC),Ballia,86.41,SBSP,Hansu Ram,39.57,BJP,Chhattu Ram,36.81,5514.0,2.759999999999998,9.71,6.950000000000003,True,94.48,63.900000000000006,100.0
31,46,Kithore,Meerut,86.31,SP,Shahid Manzoor,42.19,BJP,Satyavir Tyagi,41.33,2180.0,0.8599999999999994,4.479999999999997,3.6199999999999974,True,98.28,57.239999999999995,100.0
32,233,Baberu,Banda,86.27,SP,Vishambhar Singh Yadav,38.75,BJP,Ajay Kumar,35.15,7393.0,3.6000000000000014,11.720000000000002,8.120000000000001,True,92.8,66.24000000000001,100.0
33,120,Bhojipura,Bareilly,86.24,SP,Shazil Islam Ansari,45.88,BJP,Bahoran Lal Maurya,42.26,9409.0,3.6200000000000045,11.720000000000002,8.099999999999998,True,92.75999999999999,66.19999999999999,100.0
34,264,Bara (SC),Prayagraj,86.11,AD(S),Vachaspati,43.49,SP,Ajay Munna,37.38,12464.0,6.109999999999999,18.150000000000002,12.040000000000003,True,87.78,74.08000000000001,100.0
35,182,Sareni,Raebareli,86.06,SP,Devendra Pratap Singh,30.53,BJP,Dhirendra Bahadur Singh,28.78,3807.0,1.75,6.430000000000003,4.680000000000003,True,96.5,59.36000000000001,100.0
36,255,Soraon (SC),Prayagraj,86.05,SP,Geeta Shastri,40.99,AD(S),Jamuna Prasad,38.48,5590.0,2.510000000000005,8.440000000000005,5.93,True,94.97999999999999,61.86,100.0
37,40,Naugawan Sadat,Amroha,85.93,SP,Samarpal Singh,44.38,BJP,Devender Nagpal,41.64,6540.0,2.740000000000002,8.86,6.119999999999997,True,94.52,62.239999999999995,100.0
38,250,Raniganj,Pratapgarh,85.83,SP,Rakesh Kumar Verma,40.05,BJP,Dhiraj Ojha,38.65,2649.0,1.3999999999999986,5.1200000000000045,3.720000000000006,True,97.2,57.44000000000001,100.0
39,238,Jahanabad,Fatehpur,85.57,BJP,Rajendra Singh Patel,41.21,SP,Madan Gopal Verma,31.66,18192.0,9.55,26.41,16.86,True,80.9,83.72,100.0
40,258,Handia,Prayagraj,84.92,SP,Hakim Lal Bind,39.36,NISHAD,Prashant Kumar Singh Rahul,37.71,3543.0,1.6499999999999986,4.270000000000003,2.6200000000000045,True,96.7,55.24000000000001,100.0
41,385,Ajagara (SC),Varanasi,84.91,BJP,Tribhuwan Ram,41.25,SBSP,Sunil Sonkar,37.51,9160.0,3.740000000000002,9.820000000000004,6.080000000000002,True,92.52,62.160000000000004,100.0
42,315,Pharenda,Maharajganj,84.78,INC,Virendra Chaudhary,40.28,BJP,Bajrang Bahadur Singh,39.69,1246.0,0.5900000000000034,1.2000000000000028,0.6099999999999994,True,98.82,51.22,100.0
43,246,Kunda,Pratapgarh,84.61,JD(L),Raghuraj Pratap Singh,50.58,SP,Gulshan Yadav,35.19,30315.0,15.39,52.599999999999994,37.209999999999994,True,69.22,100.0,100.0
44,306,Domariyaganj,Siddharthnagar,84.46,SP,Saiyada Khatoon,41.19,BJP,Raghvendra Pratap Singh,40.82,771.0,0.36999999999999744,0.0899999999999963,-0.28000000000000114,True,99.26,49.44,100.0
45,132,Jalalabad,Shahjahanpur,84.32,BJP,Hari Prakash Verma,45.97,SP,Niraj Nilinesh,43.86,4572.0,2.1099999999999994,4.4999999999999964,2.389999999999997,True,95.78,54.779999999999994,100.0
46,24,Noorpur,Bijnor,84.24,SP,Ram Avatar Singh,43.27,BJP,Chandra Prakash Singh,40.43,6065.0,2.8400000000000034,6.310000000000002,3.469999999999999,True,94.32,56.94,100.0
47,273,Milkipur (SC),Ayodhya,83.75,SP,Awadhesh Prasad,47.99,BJP,Baba Gorakhnath,41.83,13338.0,6.160000000000004,14.34,8.179999999999996,True,87.67999999999999,66.35999999999999,100.0
48,171,Lucknow West,Lucknow,83.56,SP,Armaan Khan,48.19,BJP,Anjali Kumar Srivastava,45.03,8184.0,3.1599999999999966,6.020000000000003,2.8600000000000065,True,93.68,55.72000000000001,100.0
49,13,Purqazi (SC),Muzaffarnagar,83.46,RLD,Anil Kumar,43.09,BJP,Pramod Utwal,40.05,6532.0,3.0400000000000063,5.539999999999999,2.499999999999993,True,93.91999999999999,54.999999999999986,100.0
50,245,Babaganj (SC),Pratapgarh,83.28,JD(L),Vinod Kumar,40.34,SP,Girish Chandra,30.8,15767.0,9.540000000000003,22.58,13.039999999999996,True,80.91999999999999,76.07999999999998,100.0
51,316,Nautanwa,Maharajganj,83.28,NISHAD,Rishi Tripathi,40.03,SP,Kunwar Kaushal Singh,33.23,15691.0,6.800000000000004,15.259999999999998,8.459999999999994,True,86.39999999999999,66.91999999999999,100.0
52,102,Patiyali,Kasganj,83.21,SP,Nadira Sultan,41.88,BJP,Mamtesh Shakya,40.06,4001.0,1.8200000000000003,1.8699999999999974,0.04999999999999716,True,96.36,50.099999999999994,100.0
53,391,Sevapuri,Varanasi,83.1,BJP,Neel Ratan Singh Patel,47.6,SP,Surendra Singh Patel,37.41,22531.0,10.190000000000005,24.009999999999998,13.819999999999993,True,79.61999999999999,77.63999999999999,100.0
54,368,Mungra Badshahpur,Jaunpur,82.95,SP,Pankaj Patel,41.9,BJP,Ajay Dubey,39.52,5230.0,2.3799999999999955,2.9300000000000033,0.5500000000000078,True,95.24000000000001,51.100000000000016,100.0
55,359,Sikanderpur,Ballia,82.89,SP,Mohammed Ziauddin Rizvi,42.75,BJP,Sanjay Yadav,36.03,11855.0,6.719999999999999,14.400000000000002,7.680000000000003,True,86.56,65.36000000000001,100.0
56,107,Mainpuri,Mainpuri,82.63,BJP,Jaiveer Singh,46.73,SP,Raj Kumar,43.56,6766.0,3.1699999999999946,4.509999999999998,1.3400000000000034,True,93.66000000000001,52.68000000000001,100.0
57,372,Kerakat (SC),Jaunpur,82.54,SP,Tufani Saroj,39.13,BJP,Dinesh Choudhary,35.04,9844.0,4.090000000000003,6.799999999999997,2.7099999999999937,True,91.82,55.41999999999999,100.0
58,260,Karachhana,Prayagraj,82.25,BJP,Piyush Ranjan Nishad,44.06,SP,Ujjwal Raman Singh,39.47,9328.0,4.590000000000003,7.649999999999999,3.059999999999995,True,90.82,56.11999999999999,100.0
59,192,Kaimganj,Farrukhabad,82.17,AD(S),Dr. Surabhi Singh,47.65,SP,Sarvesh Ambedkar,39.97,18543.0,7.68,15.759999999999998,8.079999999999998,True,84.64,66.16,100.0
60,392,Bhadohi,Bhadohi,82.16,SP,Zahid Beg,40.24,BJP,Ravindra Tripathi,38.29,4885.0,1.9500000000000028,0.46999999999999886,-1.480000000000004,True,96.1,47.03999999999999,100.0
61,198,Kannauj (SC),Kannauj,82.01,BJP,Asim Arun,44.53,SP,Anil Kumar Dohare,42.29,6090.0,2.240000000000002,0.9899999999999949,-1.250000000000007,True,95.52,47.499999999999986,100.0
62,3,Saharanpur Nagar,Saharanpur,81.98,BJP,Rajiv Gumber,48.85,SP,Sanjay Garg,46.32,7434.0,2.530000000000001,1.7099999999999937,-0.8200000000000074,True,94.94,48.359999999999985,100.0
63,9,Thana Bhawan,Shamli,81.86,RLD,Ashraf Ali Khan,47.47,BJP,Suresh Rana,42.53,10806.0,4.939999999999998,7.939999999999998,3.0,True,90.12,56.0,100.0
64,43,Siwalkhas,Meerut,81.8,RLD,Ghulam Mohammed,43.52,BJP,Maninder Pal,39.61,9182.0,3.9100000000000037,5.089999999999996,1.1799999999999926,True,92.17999999999999,52.359999999999985,100.0
65,151,Mahmoodabad,Sitapur,81.71,BJP,Asha Maurya,41.91,SP,Narendra Singh Verma,39.51,5222.0,2.3999999999999986,0.9100000000000037,-1.4899999999999949,True,95.2,47.02000000000001,100.0
66,98,Shikohabad,Firozabad,81.7,SP,Mukesh Verma,45.14,BJP,Omprakash Verma,41.18,9328.0,3.960000000000001,5.060000000000002,1.1000000000000014,True,92.08,52.2,100.0
67,277,Katehari,Ambedkar Nagar,81.64,SP,Lalji Verma,37.78,NISHAD,Avadhesh Kumar,34.67,7696.0,3.1099999999999994,2.6999999999999957,-0.4100000000000037,True,93.78,49.17999999999999,100.0
68,279,Alapur (SC),Ambedkar Nagar,81.63,SP,Tribhuwan Dutt,35.55,BJP,Triveniram,31.05,9383.0,4.4999999999999964,6.390000000000004,1.8900000000000077,True,91.0,53.780000000000015,100.0
69,378,Mohammadabad,Ghazipur,81.42,SP,Suhaib Ansari,45.26,BJP,Alka Rai,37.64,18759.0,7.619999999999997,14.36,6.740000000000002,True,84.76,63.480000000000004,100.0
70,283,Nanpara,Bahraich,81.14,AD(S),Ram Niwas Verma,43.91,SP,Madhuri Verma,37.81,12184.0,6.099999999999994,9.830000000000005,3.730000000000011,True,87.80000000000001,57.46000000000002,100.0
71,292,Gainsari,Balrampur,80.8,SP,Shiv Pratap Yadav,39.68,BJP,Shailesh Kumar Singh,36.61,5837.0,3.0700000000000003,1.1799999999999997,-1.8900000000000006,True,93.86,46.22,100.0
72,202,Bidhuna,Auraiya,80.65,SP,Rekha Verma,42.59,BJP,Riya Shakya,39.19,3265.0,3.4000000000000057,1.8099999999999952,-1.5900000000000105,True,93.19999999999999,46.81999999999998,100.0
73,201,Bharthana (SC),Etawah,80.62,SP,Raghvendra Kumar Singh,42.02,BJP,Siddharth Shanker,38.96,7559.0,3.0600000000000023,0.8599999999999994,-2.200000000000003,True,93.88,45.599999999999994,100.0
74,309,Rudhauli,Basti,80.55,SP,Rajendra Prasad Chaudhary,36.82,BJP,Sangeeta Pratap Jaiswal,30.33,15226.0,6.490000000000002,9.889999999999997,3.399999999999995,True,87.02,56.79999999999999,100.0
75,403,Duddhi (ST),Sonbhadra,80.42,BJP,Ramdular Gaur,41.28,SP,Vijay Singh Gour,38.2,6297.0,3.0799999999999983,0.5800000000000054,-2.499999999999993,True,93.84,45.000000000000014,100.0
76,281,Akbarpur,Ambedkar Nagar,79.95,SP,Ram Achal Rajbhar,38.14,BJP,Dharmraj Nishad,32.39,12336.0,5.75,6.920000000000002,1.1700000000000017,True,88.5,52.34,100.0
77,280,Jalalpur,Ambedkar Nagar,79.84,SP,Rakesh Pandey,36.18,BSP,Dr. Rajesh Singh,30.91,13630.0,5.27,5.450000000000003,0.18000000000000327,True,89.46000000000001,50.36000000000001,100.0
78,363,Bairia,Ballia,79.63,SP,Jai Prakash Anchal,40.33,BJP,Anand Swarup Shukla,33.0,12951.0,7.329999999999998,10.59,3.2600000000000016,True,85.34,56.52,100.0
79,276,Goshainganj,Ayodhya,79.44,SP,Abhay Singh,43.87,BJP,Arti Tiwari,38.45,13079.0,5.419999999999995,5.18,-0.23999999999999488,True,89.16000000000001,49.52000000000001,100.0
80,152,Sidhauli (SC),Sitapur,79.29,BJP,Manish Rawat,43.58,SP,Dr. Hargovind Bhargawa,39.6,9716.0,3.979999999999997,1.0899999999999963,-2.8900000000000006,True,92.04,44.22,100.0
81,236,Chitrakoot,Chitrakoot,78.65,SP,Anil Pradhan,43.23,BJP,Chandrika Prasad Upadhyay,34.62,20876.0,8.61,12.380000000000003,3.770000000000003,True,82.78,57.540000000000006,100.0
82,148,Laharpur,Sitapur,78.64,SP,Anil Kumar Verma,47.05,BJP,Suneel Verma,41.57,13155.0,5.479999999999997,4.019999999999996,-1.4600000000000009,True,89.04,47.08,100.0
83,58,Dhaulana,Hapur,78.63,BJP,Dharmesh Singh Tomar,44.65,SP,Aslam Ali,40.14,12628.0,4.509999999999998,1.4100000000000037,-3.0999999999999943,True,90.98,43.80000000000001,100.0
84,44,Sardhana,Meerut,78.47,SP,Atul Pradhan,48.75,BJP,Sangeet Som,41.27,18200.0,7.479999999999997,9.07,1.5900000000000034,True,85.04,53.18000000000001,100.0
85,82,Mant,Mathura,78.31,BJP,Rajesh Chaudhary,37.35,BSP,Shyam Sundar Sharma,33.09,9580.0,4.259999999999998,0.21000000000000085,-4.049999999999997,True,91.48,41.900000000000006,100.0
86,174,Lucknow Central,Lucknow,78.27,SP,Ravidas Mehotra,49.62,BJP,Rajnish Kumar Gupta,44.43,10935.0,5.189999999999998,2.6199999999999974,-2.5700000000000003,True,89.62,44.86,100.0
87,257,Pratappur,Prayagraj,78.07,SP,Vijama Yadav,40.09,AD(S),Rakesh Dhar Tripathi,35.27,10956.0,4.82,1.3000000000000043,-3.519999999999996,True,90.36,42.96000000000001,100.0
88,289,Bhinga,Shrawasti,77.26,SP,Indrani Devi,44.85,BJP,Padam Sen Chaudhary,38.98,13574.0,5.8700000000000045,2.759999999999998,-3.1100000000000065,True,88.25999999999999,43.77999999999999,100.0
89,243,Khaga (SC),Fatehpur,77.25,BJP,Krishna Paswan,41.87,SP,Ramthirth Paramhans,39.12,5509.0,2.75,31.220000000000002,28.470000000000002,False,94.5,100.0,0.0
90,186,Amethi,Amethi,76.18,SP,Maharaji Prajapati,46.46,BJP,Sanjaya Sinh,39.93,18096.0,6.530000000000001,2.7100000000000044,-3.8199999999999967,True,86.94,42.36000000000001,100.0
91,248,Pratapgarh,Pratapgarh,75.86,BJP,Rajendra Maurya,45.8,AD(K),Krishna Patel,33.01,25063.0,12.79,18.880000000000003,6.090000000000003,True,74.42,62.18000000000001,100.0
92,350,Didarganj,Azamgarh,75.39,SP,Kamlakant Rajbhar,36.99,BJP,Krishna Murari Vishwakarma,30.25,13561.0,6.740000000000002,1.9599999999999973,-4.780000000000005,True,86.52,40.43999999999999,100.0
93,75,Koil,Aligarh,75.29,BJP,Anil Parashar,42.81,SP,Shaaz Ishaaq,40.82,5028.0,1.990000000000002,22.45,20.459999999999997,False,96.02,90.91999999999999,0.0
94,351,Lalganj (SC),Azamgarh,74.88,SP,Bechai Saroj,38.31,BJP,Neelam Sonkar,31.57,14733.0,6.740000000000002,1.1000000000000014,-5.640000000000001,True,86.52,38.72,100.0
95,360,Phephana,Ballia,74.72,SP,Sangram Singh,48.78,BJP,Upendra Tiwari,38.57,19354.0,10.21,10.100000000000005,-0.10999999999999588,True,79.58,49.78000000000001,100.0
96,179,Harchandpur,Raebareli,74.71,SP,Rahul Rajpoot,45.87,BJP,Rakesh Singh,38.69,14489.0,7.18,1.9899999999999949,-5.190000000000005,True,85.64,39.61999999999999,100.0
97,176,Mohanlalganj (SC),Lucknow,74.36,BJP,Amresh Kumar,43.58,SP,Sushila Saroj,36.84,16548.0,6.739999999999995,0.240000000000002,-6.499999999999993,True,86.52000000000001,37.000000000000014,100.0
98,340,Bhatpar Rani,Deoria,73.83,BJP,Sabhakunwar Kushawaha,46.98,SP,Ashutosh Upadhyay,37.68,18082.0,9.299999999999997,6.189999999999998,-3.1099999999999994,True,81.4,43.78,100.0
99,188,Sultanpur,Sultanpur,73.81,BJP,Vinod Singh,42.24,SP,Anoop Sanda,41.78,1009.0,0.46000000000000085,15.909999999999997,15.449999999999996,False,99.08,80.89999999999999,0.0
100,234,Naraini (SC),Banda,73.46,BJP,Ommani Verma,38.91,SP,Kiran Verma,35.77,6719.0,3.1399999999999935,22.470000000000002,19.33000000000001,False,93.72000000000001,88.66000000000003,0.0
101,397,Majhawan,Mirzapur,73.45,NISHAD,Dr. Vinod Kumar Bind,42.07,SP,Rohit Shukla,28.38,33587.0,13.690000000000001,17.25,3.5599999999999987,True,72.62,57.12,100.0
102,51,Baraut,Baghpat,73.37,BJP,Krishnapal Malik,46.34,RLD,Ch. Jaiveer Singh Tomar,46.18,315.0,0.1600000000000037,14.370000000000005,14.21,False,99.67999999999999,78.42,0.0
103,354,Ghosi,Mau,72.92,SP,Dara Singh Chauhan,42.21,BJP,Vijay Rajbhar,33.57,22216.0,8.64,2.9100000000000037,-5.729999999999997,True,82.72,38.540000000000006,100.0
104,401,Robertsganj,Sonbhadra,72.74,BJP,Bhupesh Chaubey,40.29,SP,Avinash Kushwaha,37.61,5621.0,2.6799999999999997,20.04,17.36,False,94.64,84.72,0.0
105,196,Chhibramau,Kannauj,72.72,BJP,Archana Pandey,44.31,SP,Arvind Singh Yadav,43.91,1111.0,0.4000000000000057,13.939999999999998,13.539999999999992,False,99.19999999999999,77.07999999999998,0.0
106,21,Nehtaur (SC),Bijnor,72.24,BJP,Om Kumar,38.98,RLD,Munshi Ram,38.86,258.0,0.11999999999999744,12.379999999999999,12.260000000000002,False,99.76,74.52000000000001,0.0
107,379,Zamania,Ghazipur,72.19,SP,Omprakash Singh,40.57,BJP,Sunita Singh,30.95,22456.0,9.620000000000001,4.300000000000001,-5.32,True,80.75999999999999,39.36,100.0
108,167,Purwa,Unnao,72.15,BJP,Anil Kumar Singh,52.27,SP,Uday Raj,40.14,31061.0,12.130000000000003,10.93,-1.2000000000000028,True,75.74,47.599999999999994,100.0
109,241,Ayah Shah,Fatehpur,71.9,BJP,Vikas Gupta,44.4,SP,Vishambhar Prasad Nishad,36.3,13006.0,8.100000000000001,34.800000000000004,26.700000000000003,False,83.8,100.0,0.0
110,266,Kursi,Barabanki,71.46,BJP,Sakendra Pratap Verma,41.15,SP,Rakesh Verma,41.07,217.0,0.0799999999999983,10.98,10.900000000000002,False,99.84,71.80000000000001,0.0
111,216,Kanpur Cantonment,Kanpur Nagar,71.32,SP,Mohammed Hasan,49.99,BJP,Raghunandan Singh Bhadauria,39.44,19987.0,10.550000000000004,5.329999999999998,-5.220000000000006,True,78.89999999999999,39.55999999999999,100.0
112,252,Manjhanpur (SC),Kaushambi,71.3,SP,Indrajit Saroj,47.2,BJP,Lal Bahadur,37.93,23878.0,9.270000000000003,1.8900000000000006,-7.380000000000003,True,81.46,35.239999999999995,100.0
113,127,Pilibhit,Pilibhit,71.13,BJP,Sanjay Singh Gangwar,48.08,SP,Shailendra Gangwar,45.41,6970.0,2.6700000000000017,17.340000000000003,14.670000000000002,False,94.66,79.34,0.0
114,144,Mohammdi,Lakhimpur Kheri,71.04,BJP,Lokendra Pratap Singh,42.75,SP,Daud Ahmad,40.66,4871.0,2.0900000000000034,15.64,13.549999999999997,False,95.82,77.1,0.0
115,36,Bilaspur,Rampur,70.82,BJP,Baldev Singh Aulakh,43.17,SP,Amarjit Singh,43.04,307.0,0.13000000000000256,10.049999999999997,9.919999999999995,False,99.74,69.83999999999999,0.0
116,22,Bijnor,Bijnor,70.76,BJP,Suchi Chaudhary,38.54,RLD,Neeraj Chaudhary,37.96,1445.0,0.5799999999999983,11.149999999999999,10.57,False,98.84,71.14,0.0
117,328,Chillupar,Gorakhpur,70.71,BJP,Rajesh Tripathi,42.49,SP,Vinay Shankar Tiwari,32.98,21645.0,9.510000000000005,1.5399999999999991,-7.970000000000006,True,80.97999999999999,34.05999999999999,100.0
118,11,Budhana,Muzaffarnagar,70.59,RLD,Rajpal Singh Baliyan,51.28,BJP,Umesh Malik,40.21,28310.0,11.07,5.5,-5.57,True,77.86,38.86,100.0
119,122,Faridpur (SC),Bareilly,70.57,BJP,Shyam Bihari Lal,45.22,SP,Vijay Pal Singh,43.78,2921.0,1.4399999999999977,13.119999999999997,11.68,False,97.12,73.36,0.0
120,146,Sitapur,Sitapur,70.55,BJP,Rakesh Rathour,42.72,SP,Radhe Shyam Jaiswal,42.18,1253.0,0.5399999999999991,10.689999999999998,10.149999999999999,False,98.92,70.3,0.0
121,20,Dhampur,Bijnor,70.43,BJP,Ashok Kumar Rana,39.89,SP,Naeemul Hasan,39.79,203.0,0.10000000000000142,9.310000000000002,9.21,False,99.8,68.42,0.0
122,256,Phulpur,Prayagraj,70.41,BJP,Praveen Patel,42.0,SP,Mujataba Siddiqui,40.89,2732.0,1.1099999999999994,11.970000000000002,10.860000000000003,False,97.78,71.72,0.0
123,358,Rasara,Ballia,70.37,BSP,Umashankar Singh,43.82,SBSP,Mahendra,40.54,6583.0,3.280000000000001,17.689999999999998,14.409999999999997,False,93.44,78.82,0.0
124,353,Madhuban,Mau,70.1,BJP,Ram Bilash Chauhan,35.24,SP,Umesh Pandey,33.26,4448.0,1.980000000000004,13.780000000000001,11.799999999999997,False,96.03999999999999,73.6,0.0
125,242,Husainganj,Fatehpur,70.05,SP,Usha Maurya,48.78,BJP,Ranvendra Pratap Singh,35.41,25181.0,13.370000000000005,10.73,-2.640000000000004,True,73.25999999999999,44.71999999999999,100.0
126,53,Loni,Ghaziabad,70.0,BJP,Nand Kishor Gurjar,40.44,RLD,Madan Bhaiya,37.68,8676.0,2.759999999999998,15.689999999999998,12.93,False,94.48,75.86,0.0
127,131,Katra,Shahjahanpur,69.96,BJP,Veer Vikram Singh,39.9,SP,Rajesh Yadav,39.72,357.0,0.17999999999999972,8.750000000000004,8.570000000000004,False,99.64,67.14000000000001,0.0
128,387,Rohaniya,Varanasi,69.79,AD(S),Dr. Sunil Patel,48.08,AD(K),Abhay Patel,29.25,46472.0,18.83,24.860000000000003,6.030000000000005,True,62.34,62.06000000000001,100.0
129,45,Hastinapur (SC),Meerut,69.74,BJP,Dinesh Khatik,46.72,SP,Yogesh Verma,43.55,7312.0,3.1700000000000017,16.359999999999996,13.189999999999994,False,93.66,76.38,0.0
130,362,Bansdih,Ballia,69.73,BJP,Ketakee Singh,47.67,SP,Ram Govind Chaudhary,37.82,21352.0,9.850000000000001,0.8099999999999987,-9.040000000000003,True,80.3,31.919999999999995,100.0
131,394,Aurai (SC),Bhadohi,69.65,BJP,Dinanath Bhashkar,41.69,SP,Smt. Anjani,40.95,1647.0,0.7399999999999949,9.719999999999999,8.980000000000004,False,98.52000000000001,67.96000000000001,0.0
132,121,Nawabganj,Bareilly,69.6,BJP,Dr. M. P. Arya Gangwar,48.2,SP,Bhagwat Saran Gangwar,44.2,9237.0,4.0,18.34,14.34,False,92.0,78.68,0.0
133,1,Behat,Saharanpur,69.56,SP,Umar Ali Khan,47.81,BJP,Naresh Saini,34.34,37880.0,13.469999999999999,10.189999999999998,-3.280000000000001,True,73.06,43.44,100.0
134,249,Patti,Pratapgarh,69.53,SP,Ram Singh Patel,48.73,BJP,Rajendra Pratap Singh,38.79,22051.0,9.939999999999998,0.7199999999999989,-9.219999999999999,True,80.12,31.560000000000002,100.0
135,52,Baghpat,Baghpat,69.48,BJP,Chaudhary Yogesh Dhama,47.37,RLD,Mohd Ahmed Hameed,44.22,6733.0,3.1499999999999986,15.86,12.71,False,93.7,75.42,0.0
136,4,Saharanpur,Saharanpur,69.2,SP,Ashu Malik,41.18,BJP,Jagpal Singh,29.35,30745.0,11.829999999999998,5.209999999999997,-6.620000000000001,True,76.34,36.76,100.0
137,308,Kaptanganj,Basti,69.14,SP,Kavindra Chaudhary,43.66,BJP,Chandra Prakash Shukla,32.46,24179.0,11.199999999999996,3.4299999999999997,-7.769999999999996,True,77.60000000000001,34.46000000000001,100.0
138,287,Payagpur,Bahraich,68.89,BJP,Subhash Tripathi,47.77,SP,Mukesh Srivastava,42.54,12056.0,5.230000000000004,20.43,15.199999999999996,False,89.53999999999999,80.39999999999999,0.0
139,274,Bikapur,Ayodhya,68.73,BJP,Amit Singh Chauhan,44.24,SP,Firoz Khan,42.04,5560.0,2.200000000000003,12.080000000000002,9.879999999999999,False,95.6,69.75999999999999,0.0
140,197,Tirwa,Kannauj,68.71,BJP,Kailash Singh Rajput,44.51,SP,Anil Kumar Pal,42.57,4608.0,1.9399999999999977,11.36,9.420000000000002,False,96.12,68.84,0.0
141,49,Meerut South,Meerut,68.61,BJP,Somendra Tomar,43.46,SP,Md Adil,40.79,7942.0,2.6700000000000017,13.14,10.469999999999999,False,94.66,70.94,0.0
142,111,Gunnaur,Sambhal,68.45,SP,Ramkhiladi Singh Yadav,51.38,BJP,Ajeet Kumar Yadav,39.14,29529.0,12.240000000000002,5.059999999999995,-7.180000000000007,True,75.52,35.639999999999986,100.0
143,181,Salon (SC),Raebareli,68.39,BJP,Ashok Kori,43.79,SP,Jagdish Prasad,42.73,1511.0,1.0600000000000023,8.469999999999999,7.409999999999997,False,97.88,64.82,0.0
144,157,Gopamau (SC),Hardoi,68.37,BJP,Shyam Prakash,43.07,SP,Rajeshwari,39.32,7998.0,3.75,15.619999999999997,11.869999999999997,False,92.5,73.74,0.0
145,345,Sagri,Azamgarh,68.3,SP,Hriday Narayan Singh Patel,42.76,BJP,Smt. Vandana Singh,31.17,22515.0,11.589999999999996,3.0699999999999967,-8.52,True,76.82000000000001,32.96,100.0
146,106,Jalesar,Etah,67.98,BJP,Sanjeev Kumar Diwakar,45.1,SP,Ranjeet Suman,42.91,4441.0,2.190000000000005,10.799999999999997,8.609999999999992,False,95.61999999999999,67.21999999999998,0.0
147,5,Deoband,Saharanpur,67.85,BJP,Th. Brijesh Singh,38.77,SP,Kartikeya Rana,35.83,7104.0,2.940000000000005,12.59,9.649999999999995,False,94.11999999999999,69.29999999999998,0.0
148,370,Mariyahu,Jaunpur,67.8,AD(S),R.K. Patel,39.25,SP,Sushma Patel,38.62,1206.0,0.6300000000000026,6.350000000000001,5.719999999999999,False,98.74,61.44,0.0
149,39,Dhanaura (SC),Amroha,67.77,BJP,Rajeev Tarara,42.29,SP,Vivek Singh,37.6,11425.0,4.689999999999998,17.120000000000005,12.430000000000007,False,90.62,74.86000000000001,0.0
150,108,Bhongaon,Mainpuri,67.73,BJP,Ram Naresh Agnihotri,45.18,SP,Alok Shakya,42.97,4767.0,2.210000000000001,10.439999999999998,8.229999999999997,False,95.58,66.46,0.0
151,140,Sri Nagar (SC),Lakhimpur Kheri,67.65,BJP,Manju Tyagi,47.21,SP,Ram Sharan,39.53,17608.0,7.68,24.89,17.21,False,84.64,84.42,0.0
152,185,Gauriganj,Amethi,67.44,SP,Rakesh Pratap Singh,38.96,BJP,Chandraprakash Mishra,35.53,6963.0,3.4299999999999997,13.219999999999995,9.789999999999996,False,93.14,69.57999999999998,0.0
153,200,Etawah,Etawah,67.12,BJP,Sarita Bhadauria,39.97,SP,Sarvesh Kumar Shakya,38.35,3984.0,1.6199999999999974,7.859999999999999,6.240000000000002,False,96.76,62.480000000000004,0.0
154,282,Balha (SC),Bahraich,66.7,BJP,Saroj Sonkar,46.78,SP,Akshaybar Nath Kanaujiya,39.06,16573.0,7.719999999999999,23.419999999999998,15.7,False,84.56,81.4,0.0
155,349,Phoolpur Pawai,Azamgarh,66.53,SP,Ramakant Yadav,42.0,BJP,Ramsurat Rajbhar,28.91,25306.0,13.09,4.130000000000003,-8.959999999999997,True,73.82,32.080000000000005,100.0
156,210,Bithoor,Kanpur Nagar,66.51,BJP,Abhijeet Singh Sanga,44.46,SP,Munendra Shukla,35.73,21073.0,8.730000000000004,25.799999999999997,17.069999999999993,False,82.53999999999999,84.13999999999999,0.0
157,355,Muhammadabad-Gohna (SC),Mau,66.46,SP,Rajendra Kumar,41.48,BJP,Smt. Poonam Saroj,29.8,26649.0,11.679999999999996,0.25,-11.429999999999996,True,76.64000000000001,27.140000000000008,100.0
158,393,Gyanpur,Bhadohi,66.22,NISHAD,Vipul Dubey,34.12,SP,Ram Kishore Bind,31.23,6231.0,2.889999999999997,9.739999999999998,6.850000000000001,False,94.22,63.7,0.0
159,103,Aliganj,Etah,66.18,BJP,Satyapal Singh Rathore,45.44,SP,Rameshwar Singh Yadav,43.76,3810.0,1.6799999999999997,6.439999999999998,4.759999999999998,False,96.64,59.519999999999996,0.0
160,187,Isauli,Sultanpur,66.14,SP,Mohammad Tahir Khan,34.34,BJP,Om Prakash Pandey,34.21,269.0,0.13000000000000256,2.240000000000002,2.1099999999999994,False,99.74,54.22,0.0
161,168,Malihabad (SC),Lucknow,65.87,BJP,Jai Devi,44.15,SP,Surendra Kumar,40.93,7745.0,3.219999999999999,10.030000000000001,6.810000000000002,False,93.56,63.620000000000005,0.0
162,2,Nakur,Saharanpur,65.76,BJP,Mukesh Choudhary,38.47,SP,Dharam Singh Saini,38.35,315.0,0.11999999999999744,1.5899999999999963,1.4699999999999989,False,99.76,52.94,0.0
163,117,Dataganj,Budaun,65.55,BJP,Rajeev Kumar Singh,45.34,SP,Arjun Singh,41.35,9476.0,3.990000000000002,11.559999999999999,7.569999999999997,False,92.02,65.13999999999999,0.0
164,38,Milak (SC),Rampur,65.47,BJP,Rajbala,43.11,SP,Vijay Singh,40.5,5912.0,2.6099999999999994,7.75,5.140000000000001,False,94.78,60.28,0.0
165,28,Moradabad Nagar,Moradabad,65.31,BJP,Ritesh Kumar Gupta,46.12,SP,Mohd Yusuf Ansari,45.88,782.0,0.23999999999999488,1.1499999999999986,0.9100000000000037,False,99.52000000000001,51.82000000000001,0.0
166,275,Ayodhya,Ayodhya,65.19,BJP,Ved Prakash Gupta,49.04,SP,Tej Narayan Pandey,40.4,19990.0,8.64,23.360000000000003,14.720000000000002,False,82.72,79.44,0.0
167,356,Mau,Mau,65.12,SBSP,Abbas Ansari,44.69,BJP,Ashok Singh,31.03,38116.0,13.659999999999997,3.289999999999999,-10.369999999999997,True,72.68,29.260000000000005,100.0
168,16,Meerapur,Muzaffarnagar,64.85,RLD,Chandan Chauhan,49.57,BJP,Prashant Chaudhary,36.94,27380.0,12.630000000000003,0.09000000000000341,-12.54,True,74.74,24.92,100.0
169,364,Badlapur,Jaunpur,64.73,BJP,Ramesh Chandra Mishra,39.72,SP,Baba Dubey,39.08,1326.0,0.6400000000000006,1.259999999999998,0.6199999999999974,False,98.72,51.239999999999995,0.0
170,329,Khadda,Kushinagar,64.58,NISHAD,Vivekanand Pandey,43.08,IND,Vijay Pratap Kushwaha,22.85,41451.0,20.229999999999997,19.919999999999998,-0.3099999999999987,True,59.540000000000006,49.38,100.0
171,59,Hapur (SC),Hapur,64.5,BJP,Vijay Pal Aadthi,39.69,RLD,Gajraj Singh,36.84,7034.0,2.8499999999999943,6.770000000000003,3.920000000000009,False,94.30000000000001,57.84000000000002,0.0
172,400,Ghorawal,Sonbhadra,64.5,BJP,Anil Kumar Maurya,40.46,SP,Ramesh Chandra Dubey,30.9,23922.0,9.560000000000002,24.66,15.099999999999998,False,80.88,80.19999999999999,0.0
173,150,Sevata,Sitapur,64.46,BJP,Gyan Tiwari,47.43,SP,Mahendra Kumar Singh,39.34,20438.0,8.089999999999996,20.68,12.590000000000003,False,83.82000000000001,75.18,0.0
174,346,Mubarakpur,Azamgarh,64.43,SP,Akhilesh Yadav,36.02,BJP,Arvind Jaiswal,23.03,29103.0,12.990000000000002,0.35999999999999943,-12.630000000000003,True,74.02,24.739999999999995,100.0
175,294,Balrampur (SC),Balrampur,64.36,BJP,Paltu Ram,48.93,SP,Jagram Paswan,43.62,10971.0,5.310000000000002,13.089999999999996,7.779999999999994,False,89.38,65.55999999999999,0.0
176,383,Chakia (SC),Chandauli,64.2,BJP,Kailash Kharwar,39.63,SP,Jitendra Kumar,35.88,9251.0,3.75,8.669999999999995,4.919999999999995,False,92.5,59.83999999999999,0.0
177,290,Shrawasti,Shrawasti,64.19,BJP,Ram Feran Pandey,38.98,SP,Mohhamad Aslam Rainee,38.4,1457.0,0.5799999999999983,0.18999999999999773,-0.39000000000000057,False,98.84,49.22,0.0
178,286,Bahraich,Bahraich,64.09,BJP,Anupma Jaiswal,46.45,SP,Yasar Shah,44.69,4078.0,1.7600000000000051,3.1799999999999997,1.4199999999999946,False,96.47999999999999,52.83999999999999,0.0
179,158,Sandi (SC),Hardoi,64.04,BJP,Prabhash Kumar,41.7,SP,Usha Verma,36.97,9233.0,4.730000000000004,11.02,6.289999999999996,False,90.53999999999999,62.57999999999999,0.0
180,135,Shahjahanpur,Shahjahanpur,63.98,BJP,Suresh Kumar Khanna,48.98,SP,Tanveer Khan,44.83,9313.0,4.149999999999999,9.370000000000005,5.220000000000006,False,91.7,60.44000000000001,0.0
181,74,Chharra,Aligarh,63.77,BJP,Ravendra Pal Singh,45.79,SP,Laxmi Dhangar,35.78,24327.0,10.009999999999998,24.639999999999997,14.629999999999999,False,79.98,79.25999999999999,0.0
182,80,Sikandra Rao,Hathras,63.62,BJP,Birendra Singh Rana,41.63,SP,Lalit Pratap Baghel,38.19,8104.0,3.440000000000005,6.879999999999999,3.439999999999994,False,93.11999999999999,56.87999999999999,0.0
183,235,Banda,Banda,63.52,BJP,Prakash Dwivedi,41.34,SP,Manjula Singh,33.63,15214.0,7.710000000000001,18.099999999999998,10.389999999999997,False,84.58,70.78,0.0
184,30,Bilari,Moradabad,63.43,SP,Mohammed Faeem,39.92,BJP,Parmeshwar Lal Saini,36.73,7610.0,3.190000000000005,5.889999999999997,2.699999999999992,False,93.61999999999999,55.399999999999984,0.0
185,206,Akbarpur-Raniya,Kanpur Dehat,63.4,BJP,Pratibha Shukla,43.82,SP,Dr. Ram Prakash Kushwaha,37.49,13417.0,6.329999999999998,14.219999999999999,7.890000000000001,False,87.34,65.78,0.0
186,296,Gonda,Gonda,63.31,BJP,Prateek Bhushan Singh,48.21,SP,Suraj Singh,44.87,6700.0,3.3400000000000034,6.09,2.7499999999999964,False,93.32,55.49999999999999,0.0
187,366,Jaunpur,Jaunpur,63.11,BJP,Girish Chandra Yadav,39.35,SP,Mohd. Arshad Khan,36.11,8052.0,3.240000000000002,5.490000000000002,2.25,False,93.52,54.5,0.0
188,136,Dadraul,Shahjahanpur,62.95,BJP,Manvendra Singh,45.06,SP,Rajesh Kumar Verma,40.73,9701.0,4.330000000000005,8.130000000000003,3.799999999999997,False,91.33999999999999,57.599999999999994,0.0
189,265,Koraon (SC),Prayagraj,62.83,BJP,Rajmani Kol,40.74,SP,Ram Deo,28.95,24487.0,11.790000000000003,27.82,16.029999999999998,False,76.41999999999999,82.06,0.0
190,153,Misrikh (SC),Sitapur,62.42,BJP,Ramkrishna Bhargava,41.15,SBSP,Manoj Kumar Raghuvanshi,35.97,11465.0,5.18,9.509999999999998,4.329999999999998,False,89.64,58.66,0.0
191,314,Dhanghata (SC),Sant Kabir Nagar,62.31,BJP,Ganesh Chandra Chauhan,38.5,SBSP,Alagu Prasad,33.62,10553.0,4.880000000000003,8.530000000000001,3.6499999999999986,False,90.24,57.3,0.0
192,15,Khatauli,Muzaffarnagar,62.09,BJP,Vikram Singh Saini,45.34,RLD,Rajpal Singh Saini,37.98,16345.0,7.3600000000000065,14.769999999999996,7.4099999999999895,False,85.27999999999999,64.81999999999998,0.0
193,278,Tanda,Ambedkar Nagar,62.06,SP,Ram Murti Verma,43.49,BJP,Kapil Deo,28.84,32097.0,14.650000000000002,0.8399999999999963,-13.810000000000006,True,70.69999999999999,22.37999999999999,100.0
194,389,Varanasi South,Varanasi,62.04,BJP,Neelkanth Tiwari,50.88,SP,Kameshwar (Kishan Dixit),45.41,10722.0,5.470000000000006,9.660000000000004,4.189999999999998,False,89.05999999999999,58.379999999999995,0.0
195,105,Marhara,Etah,61.94,BJP,Virendra Singh Lodhi,49.01,SP,Amit Gaurav,40.5,17609.0,8.509999999999998,17.599999999999998,9.09,False,82.98,68.18,0.0
196,254,Phaphamau,Prayagraj,61.83,BJP,Guru Prasad Maurya,43.26,SP,Ansar Ahmad,36.47,14324.0,6.789999999999999,12.82,6.030000000000001,False,86.42,62.06,0.0
197,386,Shivpur,Varanasi,61.75,BJP,Anil Rajbhar,45.76,SBSP,Arvind Rajbhar,34.77,27687.0,10.989999999999995,23.89,12.900000000000006,False,78.02000000000001,75.80000000000001,0.0
198,143,Kasta (SC),Lakhimpur Kheri,61.74,BJP,Saurabh Singh,47.93,SP,Sunil Kumar Lala,41.52,13817.0,6.409999999999997,11.659999999999997,5.25,False,87.18,60.5,0.0
199,155,Shahabad,Hardoi,61.74,BJP,Rajani Tiwari,40.49,SP,Asif Khan Babbu,37.72,6479.0,2.770000000000003,1.9600000000000009,-0.8100000000000023,False,94.46,48.379999999999995,0.0
200,142,Lakhimpur,Lakhimpur Kheri,61.72,BJP,Yogesh Verma,47.38,SP,Utkarsh Verma Madhur,39.74,20578.0,7.640000000000001,14.910000000000004,7.270000000000003,False,84.72,64.54,0.0
201,208,Bhognipur,Kanpur Dehat,61.68,BJP,Rakesh Sachan,40.25,SP,Narendra Pal Singh,34.8,11893.0,5.450000000000003,9.0,3.549999999999997,False,89.1,57.099999999999994,0.0
202,190,Lambhua,Sultanpur,61.64,BJP,Sitaram Verma,39.37,SP,Santosh Pandey,34.85,9533.0,4.519999999999996,6.449999999999996,1.9299999999999997,False,90.96000000000001,53.86,0.0
203,347,Azamgarh,Azamgarh,61.58,SP,Durga Prasad Yadav,42.66,BJP,Akhilesh Kumar Mishra,35.87,16036.0,6.789999999999999,12.400000000000002,5.610000000000003,False,86.42,61.220000000000006,0.0
204,115,Badaun,Budaun,61.51,BJP,Mahesh Chandra Gupta,46.12,SP,Raish Ahmed,41.02,11179.0,5.099999999999994,7.789999999999999,2.690000000000005,False,89.80000000000001,55.38000000000001,0.0
205,99,Sirsaganj,Firozabad,61.41,SP,Sarvesh Singh Yadav,46.22,BJP,Hariom Yadav,41.99,8805.0,4.229999999999997,5.299999999999997,1.0700000000000003,False,91.54,52.14,0.0
206,313,Khalilabad,Sant Kabir Nagar,61.25,BJP,Ankur Raj Tiwari,30.36,SP,Digvijay Narayan,25.32,12262.0,5.039999999999999,7.189999999999998,2.1499999999999986,False,89.92,54.3,0.0
207,228,Hamirpur,Hamirpur,61.19,BJP,Manoj Kumar Prajapati,40.14,SP,Ram Prakash Prajapati,30.44,25485.0,9.7,19.520000000000003,9.820000000000004,False,80.6,69.64000000000001,0.0
208,382,Saiyadraja,Chandauli,61.11,BJP,Sushil Singh,41.85,SP,Manoj Kumar,36.65,10917.0,5.200000000000003,7.390000000000001,2.1899999999999977,False,89.6,54.379999999999995,0.0
209,162,Bangarmau,Unnao,61.07,BJP,Shrikant Katiyar,44.7,SP,Dr. Munna,36.94,15793.0,7.760000000000005,14.149999999999999,6.3899999999999935,False,84.47999999999999,62.77999999999999,0.0
210,297,Katra Bazar,Gonda,60.87,BJP,Bawan Singh,47.86,SP,Baijnath Dubey,39.99,18457.0,7.869999999999997,14.100000000000001,6.230000000000004,False,84.26,62.46000000000001,0.0
211,221,Orai (SC),Jalaun,60.77,BJP,Gauri Shankar,47.45,SP,Dayashankar Verma,33.56,37648.0,13.89,29.990000000000002,16.1,False,72.22,82.2,0.0
212,76,Aligarh,Aligarh,60.69,BJP,Mukta Raja,47.66,SP,Zafar Alam,42.6,12786.0,5.059999999999995,6.309999999999995,1.25,False,89.88000000000001,52.5,0.0
213,149,Biswan,Sitapur,60.65,BJP,Nirmal Verma,44.77,SP,Afzaal Kausar,40.35,10478.0,4.420000000000002,4.530000000000001,0.10999999999999943,False,91.16,50.22,0.0
214,183,Unchahar,Raebareli,60.56,SP,Manoj Kumar Pandey,38.92,BJP,Amarpal Maurya,35.79,6621.0,3.1300000000000026,0.9400000000000013,-2.1900000000000013,False,93.74,45.62,0.0
215,307,Harraiya,Basti,60.41,BJP,Ajay Kumar Singh,39.75,SP,Triyambak Pathak,31.57,18329.0,8.18,14.169999999999998,5.989999999999998,False,83.64,61.98,0.0
216,125,Bareilly Cantt,Bareilly,60.39,BJP,Sanjeev Agarwal,50.43,SP,Supriya Aron,44.94,10768.0,5.490000000000002,6.950000000000003,1.4600000000000009,False,89.02,52.92,0.0
217,25,Kanth,Moradabad,60.33,SP,Kamal Akhtar,49.19,BJP,Rajesh Kumar Singh,33.42,43178.0,15.769999999999996,0.9299999999999997,-14.839999999999996,True,68.46000000000001,20.320000000000007,100.0
218,139,Gola Gokrannath,Lakhimpur Kheri,60.29,BJP,Arvind Giri,48.67,SP,Vinay Tiwari,37.4,29294.0,11.270000000000003,22.2,10.929999999999996,False,77.46,71.85999999999999,0.0
219,7,Gangoh,Saharanpur,60.04,BJP,Kirat Singh,43.08,SP,Inder Sain,34.42,23449.0,8.659999999999997,14.830000000000002,6.170000000000005,False,82.68,62.34000000000001,0.0
220,369,Machhlishahr (SC),Jaunpur,59.99,SP,Ragini Sonkar,41.99,BJP,Mihilal Gautam,38.1,8484.0,3.8900000000000006,2.030000000000001,-1.8599999999999994,False,92.22,46.28,0.0
221,123,Bithari Chainpur,Bareilly,59.83,BJP,Raghavendra Sharma,46.53,SP,Agam Maurya,40.15,15841.0,6.380000000000003,8.39,2.009999999999998,False,87.24,54.019999999999996,0.0
222,341,Salempur (SC),Deoria,59.63,BJP,Vijay Laxmi Gautam,46.15,SBSP,Manbodh Prasad,36.8,16608.0,9.350000000000001,15.989999999999998,6.639999999999997,False,81.3,63.279999999999994,0.0
223,214,Arya Nagar,Kanpur Nagar,59.0,SP,Amitabh Bajpai,50.56,BJP,Suresh Awasthi,45.35,7924.0,5.210000000000001,3.8999999999999986,-1.3100000000000023,False,89.58,47.379999999999995,0.0
224,367,Malhani,Jaunpur,58.92,SP,Lucky Yadav,42.57,JD(U),Dhananjay Singh,34.91,17527.0,7.660000000000004,10.3,2.639999999999997,False,84.67999999999999,55.279999999999994,0.0
225,57,Modinagar,Ghaziabad,58.86,BJP,Manju Shiwach,50.63,RLD,Sudesh Sharma,35.17,34619.0,15.46,30.990000000000002,15.530000000000001,False,69.08,81.06,0.0
226,129,Puranpur (SC),Pilibhit,58.77,BJP,Babu Ram Paswan,50.12,SP,Ms Arti,40.21,26576.0,9.909999999999997,16.049999999999997,6.140000000000001,False,80.18,62.28,0.0
227,189,Sadar,Sultanpur,58.63,BJP,Raj Prasad Upadhyay,41.89,SP,Arun Verma,34.15,15754.0,7.740000000000002,10.020000000000003,2.280000000000001,False,84.52,54.56,0.0
228,380,Mughalsarai,Chandauli,58.54,BJP,Ramesh Jaiswal,42.4,SP,Chandra Shekhar Yadav,36.21,14921.0,6.189999999999998,5.740000000000002,-0.44999999999999574,False,87.62,49.10000000000001,0.0
229,295,Mehnaun,Gonda,58.32,BJP,Vinay Kumar Dwivedi,50.05,SP,Nandita Shukla,39.22,23128.0,10.829999999999998,17.750000000000004,6.920000000000005,False,78.34,63.84000000000001,0.0
230,42,Hasanpur,Amroha,58.27,BJP,Mahender Khadakvanshi,44.67,SP,Mukhya Gurjar,36.35,22382.0,8.32,10.969999999999999,2.6499999999999986,False,83.36,55.3,0.0
231,104,Etah,Etah,58.22,BJP,Vipin Kumar David,46.34,SP,Jugendra Singh Yadav,38.15,17247.0,8.190000000000005,10.54,2.3499999999999943,False,83.61999999999999,54.69999999999999,0.0
232,145,Maholi,Sitapur,58.15,BJP,Shashank Trivedi,44.73,SP,Anoop Kumar Gupta,39.87,12172.0,4.859999999999999,1.5499999999999972,-3.3100000000000023,False,90.28,43.379999999999995,0.0
233,270,Dariyabad,Barabanki,58.14,BJP,Satish Sharma,46.87,SP,Arvind Kumar Singh Gope,35.03,32617.0,11.839999999999996,20.139999999999997,8.3,False,76.32000000000001,66.6,0.0
234,19,Barhapur,Bijnor,58.13,BJP,Kunwar Sushant Singh,41.58,SP,Kapil Kumar,35.62,14345.0,5.960000000000001,4.439999999999998,-1.5200000000000031,False,88.08,46.959999999999994,0.0
235,205,Rasulabad (SC),Kanpur Dehat,58.1,BJP,Poonam Sankhwar,46.77,SP,Kamlesh Chandra Diwakar,35.8,21512.0,10.970000000000006,17.76,6.789999999999996,False,78.05999999999999,63.57999999999999,0.0
236,119,Meerganj,Bareilly,57.93,BJP,DC Verma,50.98,SP,Sultan Baig,36.76,32840.0,14.219999999999999,26.14,11.920000000000002,False,71.56,73.84,0.0
237,156,Hardoi,Hardoi,57.86,BJP,Nitin Agarwal,53.19,SP,Anil Verma,35.39,42411.0,17.799999999999997,2.240000000000002,-15.559999999999995,True,64.4,18.88000000000001,100.0
238,284,Matera,Bahraich,57.66,SP,Mariya Shah,48.13,BJP,Arun Veer Singh,43.24,10428.0,4.890000000000001,0.8000000000000043,-4.089999999999996,False,90.22,41.82000000000001,0.0
239,361,Ballia Nagar,Ballia,57.33,BJP,Daya Shankar Singh,51.22,SP,Narad Rai,38.28,26239.0,12.939999999999998,21.720000000000002,8.780000000000005,False,74.12,67.56,0.0
240,137,Palia,Lakhimpur Kheri,57.32,BJP,Harvindar Kumar Sahani,50.2,SP,Pritinder Singh Kakku,34.1,38129.0,16.1,30.139999999999997,14.039999999999996,False,67.8,78.07999999999998,0.0
241,113,Sahaswan,Budaun,57.18,SP,Brajesh Yadav,33.35,BSP,Haji Vittan Musarrat,27.79,13945.0,5.560000000000002,1.8000000000000007,-3.7600000000000016,False,88.88,42.48,0.0
242,293,Utraula,Balrampur,57.1,BJP,Ram Pratap Verma,44.43,SP,Haseeb Hasan Khan,33.93,21769.0,10.5,14.839999999999996,4.339999999999996,False,79.0,58.67999999999999,0.0
243,204,Auraiya (SC),Auraiya,57.06,BJP,Gudiya Katheriya,45.28,SP,Jitendra Kumar Dohare,33.81,22447.0,11.469999999999999,17.360000000000003,5.890000000000004,False,77.06,61.78000000000001,0.0
244,244,Rampur Khas,Pratapgarh,57.01,INC,Aradhana Misra Mona,50.27,BJP,Nagesh Pratap Singh,41.49,14741.0,8.780000000000001,10.099999999999994,1.3199999999999932,False,82.44,52.639999999999986,0.0
245,178,Tiloi,Amethi,56.95,BJP,Mayankeshwar Sharan Singh,48.54,SP,Mohd Naim,34.96,27829.0,13.579999999999998,22.799999999999997,9.219999999999999,False,72.84,68.44,0.0
246,381,Sakaldiha,Chandauli,56.9,SP,Prabhunarayan Yadav,40.7,BJP,Suryamuni Tiwari,32.84,16661.0,7.859999999999999,7.460000000000001,-0.3999999999999986,False,84.28,49.2,0.0
247,339,Rampur Karkhana,Deoria,56.81,BJP,Surendra Chaurasia,43.85,SP,Ghazala Lari,36.76,14670.0,7.090000000000003,5.25,-1.8400000000000034,False,85.82,46.31999999999999,0.0
248,60,Garhmukteshwar,Hapur,56.77,BJP,Harendra Singh Tewatia,44.07,SP,Ravindra Chaudhary,32.94,26306.0,11.130000000000003,15.96,4.829999999999998,False,77.74,59.66,0.0
249,165,Unnao,Unnao,56.75,BJP,Pankaj Gupta,51.62,SP,Abhinav Kumar,38.94,31128.0,12.68,20.07,7.390000000000001,False,74.64,64.78,0.0
250,133,Tilhar,Shahjahanpur,56.74,BJP,Salona Kushwaha,47.93,SP,Roshan Lal Verma,41.71,13277.0,6.219999999999999,2.8200000000000003,-3.3999999999999986,False,87.56,43.2,0.0
251,26,Thakurdwara,Moradabad,56.73,SP,Nawab Jan,48.76,BJP,Ajay Pratap Singh,41.62,19684.0,7.140000000000001,5.25,-1.8900000000000006,False,85.72,46.22,0.0
252,272,Haidergarh (SC),Barabanki,56.7,BJP,Dinesh Rawat,50.9,SP,Ram Magan Rawat,39.73,25691.0,11.170000000000002,15.959999999999997,4.789999999999996,False,77.66,59.57999999999999,0.0
253,352,Mehnagar (SC),Azamgarh,56.37,SP,Puja Saroj,39.35,BJP,Manju Saroj,32.94,14149.0,6.410000000000004,2.7099999999999973,-3.7000000000000064,False,87.17999999999999,42.59999999999999,0.0
254,402,Obra (ST),Sonbhadra,55.82,BJP,Sanjeev Kumar Gond,48.04,SP,Arvind Kumar,31.83,26442.0,16.21,27.930000000000003,11.720000000000002,False,67.58,73.44,0.0
255,338,Pathardeva,Deoria,55.77,BJP,Surya Pratap Shahi,46.65,SP,Brahma Shankar Tripathi,32.4,28681.0,14.25,22.610000000000003,8.360000000000003,False,71.5,66.72,0.0
256,154,Sawayazpur,Hardoi,55.48,BJP,Madhavendra Pratap,46.03,SP,Padamrag Singh Yadav,35.68,26047.0,10.350000000000001,11.729999999999997,1.3799999999999955,False,79.3,52.75999999999999,0.0
257,97,Firozabad,Firozabad,55.47,BJP,Manish Asiza,43.43,SP,Saifur Rehman,30.71,32955.0,12.719999999999999,18.04,5.32,False,74.56,60.64,0.0
258,303,Kapilvastu (SC),Siddharthnagar,55.23,BJP,Shyam Dhani,48.72,SP,Vinay Paswan,36.46,30939.0,12.259999999999998,16.410000000000004,4.150000000000006,False,75.48,58.30000000000001,0.0
259,169,Bakshi Kaa Talab,Lucknow,55.08,BJP,Yogesh Shukla,46.36,SP,Gomti Yadav,37.65,27788.0,8.71,6.699999999999999,-2.0100000000000016,False,82.58,45.98,0.0
260,224,Mauranipur (SC),Jhansi,55.0,AD(S),Rashmi Arya,51.83,SP,Tilak Chandra Ahirwar,30.68,58595.0,21.15,6.399999999999999,-14.75,True,57.7,20.5,100.0
261,109,Kishni (SC),Mainpuri,54.91,SP,Brajesh Katheriya,49.58,BJP,Priya Ranjan Ashu Diwakar,39.8,19151.0,9.780000000000001,9.259999999999998,-0.5200000000000031,False,80.44,48.959999999999994,0.0
262,395,Chhanbey (SC),Mirzapur,54.88,AD(S),Rahul Prakash Kol,47.29,SP,Kirti,29.71,38113.0,17.58,30.019999999999996,12.439999999999998,False,64.84,74.88,0.0
263,65,Bulandshahr,Bulandshahr,54.77,BJP,Pradeep Kumar Chaudhary,48.94,RLD,Haji Yunus,38.99,25600.0,9.949999999999996,9.490000000000002,-0.45999999999999375,False,80.10000000000001,49.08000000000001,0.0
264,14,Muzaffarnagar,Muzaffarnagar,54.73,BJP,Kapil Dev Aggarwal,49.57,RLD,Saurabh Swaroop,41.28,18694.0,8.29,4.989999999999995,-3.3000000000000043,False,83.42,43.39999999999999,0.0
265,213,Sishamau,Kanpur Nagar,54.72,SP,Haji Irfan Solanki,50.68,BJP,Salil Vishnoi,42.83,12266.0,7.850000000000001,3.8000000000000043,-4.049999999999997,False,84.3,41.900000000000006,0.0
266,64,Sikandrabad,Bulandshahr,54.66,BJP,Lakshmi Raj Singh,46.0,SP,Rahul Yadav,35.26,29343.0,10.740000000000002,11.409999999999997,0.6699999999999946,False,78.52,51.33999999999999,0.0
267,342,Barhaj,Deoria,54.62,BJP,Deepak Kumar Mishra,46.33,SP,Murli Manohar Jaiswal,37.22,16861.0,9.11,7.0000000000000036,-2.109999999999996,False,81.78,45.78000000000001,0.0
268,32,Asmoli,Sambhal,54.6,SP,Pinki Singh Yadav,42.92,BJP,Harendra Kumar,33.23,25206.0,9.690000000000005,8.509999999999998,-1.1800000000000068,False,80.61999999999999,47.639999999999986,0.0
269,211,Kalyanpur,Kanpur Nagar,54.56,BJP,Neelima Katiyar,52.71,SP,Satish Kumar Nigam,41.24,21535.0,11.469999999999999,13.189999999999998,1.7199999999999989,False,77.06,53.44,0.0
270,232,Tindwari,Banda,54.17,BJP,Ramakesh Nishad,44.24,SP,Brijesh Prajapati,29.76,28425.0,14.48,20.56,6.079999999999998,False,71.03999999999999,62.16,0.0
271,333,Kushinagar,Kushinagar,54.15,BJP,Panchanand Pathak,52.14,SP,Rajesh Pratap Rao,36.4,34790.0,15.740000000000002,23.89,8.149999999999999,False,68.52,66.3,0.0
272,191,Kadipur (SC),Sultanpur,54.14,BJP,Rajesh Gautam,43.44,SP,Bhagelu Ram,31.85,25723.0,11.589999999999996,12.8,1.2100000000000044,False,76.82000000000001,52.42000000000001,0.0
273,301,Gaura,Gonda,54.12,BJP,Prabhat Kumar Verma,42.62,SP,Sanjay Kumar,29.31,22974.0,13.309999999999999,17.36,4.050000000000001,False,73.38,58.1,0.0
274,219,Madhogarh,Jalaun,54.08,BJP,Moolchandra Singh,41.29,BSP,Sheetal Kushwaha,27.57,34974.0,13.719999999999999,18.39,4.670000000000002,False,72.56,59.34,0.0
275,8,Kairana,Shamli,53.98,SP,Nahid Hasan,54.16,BJP,Mriganka Singh,43.46,25887.0,10.699999999999996,10.170000000000002,-0.529999999999994,False,78.60000000000001,48.94000000000001,0.0
276,304,Bansi,Siddharthnagar,53.97,BJP,Jai Pratap Singh,44.82,SP,Monu Dubey,34.04,20340.0,10.780000000000001,10.36,-0.4200000000000017,False,78.44,49.16,0.0
277,195,Bhojpur,Farrukhabad,53.89,BJP,Nagendra Singh Rathore,50.68,SP,Arshad Jamal Siddiqui,36.76,27468.0,13.920000000000002,18.609999999999996,4.689999999999994,False,72.16,59.37999999999999,0.0
278,343,Atrauliya,Azamgarh,53.79,SP,Sangram Yadav,39.55,NISHAD,Prashant Singh,32.1,17247.0,7.449999999999996,1.1799999999999997,-6.269999999999996,False,85.10000000000001,37.46000000000001,0.0
279,114,Bilsi,Budaun,53.77,BJP,Harish Chandra Shakya,45.54,SP,Chandra Prakash Maurya,33.31,25115.0,12.229999999999997,13.900000000000002,1.6700000000000053,False,75.54,53.34000000000001,0.0
280,229,Rath (SC),Hamirpur,53.18,BJP,Manisha Anuragi,53.79,SP,Chandravati,29.87,61979.0,23.919999999999998,44.08,20.16,False,52.160000000000004,90.32,0.0
281,48,Meerut,Meerut,53.17,SP,Rafiq Ansari,52.77,BJP,Kamal Dutt Sharma,39.84,26065.0,12.93,14.770000000000003,1.8400000000000034,False,74.14,53.68000000000001,0.0
282,31,Chandausi (SC),Sambhal,52.46,BJP,Gulabo Devi,49.53,SP,Vimlesh Kumar,34.01,35367.0,15.520000000000003,20.48,4.959999999999997,False,68.96,59.919999999999995,0.0
283,396,Mirzapur,Mirzapur,52.37,BJP,Ratnakar Mishra,52.09,SP,Kailash Chaurasia,34.58,39876.0,17.510000000000005,25.640000000000004,8.129999999999999,False,64.97999999999999,66.25999999999999,0.0
284,184,Jagdishpur (SC),Amethi,52.28,BJP,Suresh Kumar,43.94,INC,Vijay Kumar,32.71,22824.0,11.229999999999997,8.75,-2.479999999999997,False,77.54,45.040000000000006,0.0
285,73,Atrauli,Aligarh,52.18,BJP,Sandeep Kumar Singh,52.03,SP,Viresh Yadav,35.75,39324.0,16.28,22.04,5.759999999999998,False,67.44,61.519999999999996,0.0
286,85,Baldev (SC),Mathura,52.0,BJP,Pooran Prakash,44.14,RLD,Babita Devi,33.86,25255.0,10.280000000000001,5.739999999999995,-4.540000000000006,False,79.44,40.91999999999999,0.0
287,94,Bah,Agra,51.92,BJP,Rani Pakshalika Singh,41.16,SP,Madhusudan Sharma,28.43,24235.0,12.729999999999997,12.150000000000002,-0.5799999999999947,False,74.54,48.84000000000001,0.0
288,285,Mahasi,Bahraich,51.62,BJP,Sureshwar Singh,54.58,SP,Krishna Kumar Ojha,34.82,42684.0,19.759999999999998,30.400000000000002,10.640000000000004,False,60.480000000000004,71.28,0.0
289,263,Allahabad South,Prayagraj,51.56,BJP,Nand Gopal Gupta,54.14,SP,Raish Chandra Shukla,39.66,26182.0,14.480000000000004,16.209999999999994,1.7299999999999898,False,71.03999999999999,53.45999999999998,0.0
290,207,Sikandra,Kanpur Dehat,51.55,BJP,Ajit Singh Pal,44.89,SP,Prabhakar Pandey,29.05,31567.0,15.84,19.820000000000004,3.980000000000004,False,68.32,57.96000000000001,0.0
291,172,Lucknow North,Lucknow,51.46,BJP,Neeraj Bora,53.3,SP,Pooja Shukla,40.29,33953.0,13.009999999999998,12.119999999999997,-0.8900000000000006,False,73.98,48.22,0.0
292,268,Barabanki,Barabanki,51.26,SP,Dharmraj Singh Yadav,47.11,BJP,Dr. Ramkumari Maurya,33.95,35050.0,13.159999999999997,12.190000000000001,-0.9699999999999953,False,73.68,48.06000000000001,0.0
293,261,Allahabad West,Prayagraj,51.23,BJP,Sidharth Nath Singh,53.29,SP,Richa Singh,39.86,29933.0,13.43,12.86,-0.5700000000000003,False,73.14,48.86,0.0
294,124,Bareilly,Bareilly,51.18,BJP,Dr. Arun Kumar Saxena,53.77,SP,Rajesh Aggarwal,40.3,32320.0,13.470000000000006,12.880000000000003,-0.5900000000000034,False,73.05999999999999,48.81999999999999,0.0
295,166,Bhagwantnagar,Unnao,51.06,BJP,Ashutosh Shukla,51.28,SP,Ankit Parihar,33.93,43010.0,17.35,23.040000000000003,5.690000000000001,False,65.3,61.38,0.0
296,323,Gorakhpur Rural,Gorakhpur,51.01,BJP,Bipin Singh,49.59,SP,Vijay Bahadur Yadav,40.14,24070.0,9.450000000000003,1.8800000000000026,-7.57,False,81.1,34.86,0.0
297,6,Rampur Maniharan (SC),Saharanpur,50.97,BJP,Devendra Kumar Nim,38.37,BSP,Ravinder Kumar Molhu,29.5,20593.0,8.869999999999997,0.269999999999996,-8.600000000000001,False,82.26,32.8,0.0
298,344,Gopalpur,Azamgarh,50.95,SP,Nafees Ahmad,40.87,BJP,Satyendra Rai,29.1,24307.0,11.769999999999996,7.969999999999999,-3.799999999999997,False,76.46000000000001,42.400000000000006,0.0
299,126,Aonla,Bareilly,50.79,BJP,Dharampal Singh,46.45,SP,Radha Krishan Sharma,36.83,18424.0,9.620000000000005,1.9699999999999989,-7.650000000000006,False,80.75999999999999,34.69999999999999,0.0
300,388,Varanasi North,Varanasi,50.55,BJP,Ravindra Jaiswal,54.61,SP,Ashfaque,38.05,40776.0,16.560000000000002,20.080000000000002,3.5199999999999996,False,66.88,57.04,0.0
301,160,Balamau (SC),Hardoi,50.45,BJP,Ram Pal Verma,42.84,SP,Rambali Verma,29.13,26424.0,13.710000000000004,12.310000000000002,-1.4000000000000021,False,72.57999999999998,47.199999999999996,0.0
302,159,Bilgram-Mallanwan,Hardoi,50.23,BJP,Ashish Kumar Singh,34.96,SP,Brijesh Kumar Verma,24.36,24890.0,10.600000000000001,3.6499999999999986,-6.950000000000003,False,78.8,36.099999999999994,0.0
303,384,Pindra,Varanasi,50.18,BJP,Awadhesh Kumar Singh,38.23,BSP,Babu Lal,22.11,35559.0,16.119999999999997,18.29,2.1700000000000017,False,67.76,54.34,0.0
304,138,Nighasan,Lakhimpur Kheri,49.91,BJP,Shashank Verma,53.41,SP,R S Kushwaha,36.1,41009.0,17.309999999999995,21.009999999999998,3.700000000000003,False,65.38000000000001,57.400000000000006,0.0
305,147,Hargaon (SC),Sitapur,49.88,BJP,Suresh Rahi,52.46,SP,Ramhet Bharti,35.31,38160.0,17.15,20.540000000000003,3.390000000000004,False,65.7,56.78000000000001,0.0
306,86,Etmadpur,Agra,49.54,BJP,Dharampal Singh,48.77,BSP,Praval Pratap Singh,32.83,47924.0,15.940000000000005,16.739999999999995,0.79999999999999,False,68.11999999999999,51.59999999999998,0.0
307,17,Najibabad,Bijnor,49.21,SP,Tasleem Ahmad,44.14,BJP,Kunwar Bharatendu Singh,33.92,23770.0,10.219999999999999,0.9299999999999997,-9.29,False,79.56,31.42,0.0
308,81,Chhata,Mathura,49.09,BJP,Ch. Laxmi Narayan Singh,52.18,RLD,Tejpal Singh,31.65,48948.0,20.53,28.229999999999997,7.699999999999996,False,58.94,65.39999999999999,0.0
309,134,Powayan (SC),Shahjahanpur,48.93,BJP,Chetram Pasi,55.62,SP,Upendra Pal Singh,33.62,51578.0,22.0,31.88,9.879999999999999,False,56.0,69.75999999999999,0.0
310,141,Dhaurahra,Lakhimpur Kheri,48.76,BJP,Vinod Shankar Awasthi,49.49,SP,Varun Singh,38.76,24610.0,10.730000000000004,1.5399999999999991,-9.190000000000005,False,78.53999999999999,31.61999999999999,0.0
311,164,Mohan (SC),Unnao,48.61,BJP,Brijesh Kumar Rawat,53.45,SP,Dr. Anchal,33.08,43179.0,20.370000000000005,27.0,6.6299999999999955,False,59.25999999999999,63.25999999999999,0.0
312,300,Mankapur (SC),Gonda,48.43,BJP,Ramapati Shastri,57.69,SP,Ramesh Chandra,34.57,42349.0,23.119999999999997,34.040000000000006,10.920000000000009,False,53.760000000000005,71.84000000000002,0.0
313,18,Nagina (SC),Bijnor,48.35,SP,Manoj Kumar Paras,43.51,BJP,Dr. Yashwant,31.67,26451.0,11.839999999999996,3.8200000000000003,-8.019999999999996,False,76.32000000000001,33.96000000000001,0.0
314,302,Shohratgarh,Siddharthnagar,48.33,AD(S),Vinay Verma,37.46,SBSP,Prem Chand Nishad,22.56,24463.0,14.900000000000002,11.950000000000003,-2.9499999999999993,False,70.19999999999999,44.1,0.0
315,35,Chamraua,Rampur,48.32,SP,Naseer Ahmad Khan,50.34,BJP,Mohan Kumar Lodhi,33.24,34290.0,17.1,17.8,0.6999999999999993,False,65.8,51.4,0.0
316,95,Tundla (SC),Firozabad,48.17,BJP,Prempal Singh Dhangar,49.46,SP,Rakesh Babu,30.26,47691.0,19.2,23.150000000000002,3.950000000000003,False,61.6,57.900000000000006,0.0
317,335,Ramkola (SC),Kushinagar,48.03,BJP,Vinay Prakash Gond,58.27,SBSP,Purnmasi Dehati,24.4,72543.0,33.870000000000005,28.710000000000004,-5.16,True,32.25999999999999,39.68,100.0
318,194,Farrukhabad,Farrukhabad,47.98,BJP,Sunil Dutt Dwivedi,53.83,SP,Suman Shakya,34.99,39326.0,18.839999999999996,21.880000000000003,3.0400000000000063,False,62.32000000000001,56.08000000000001,0.0
319,398,Chunar,Mirzapur,47.95,BJP,Anurag Singh,50.26,AD(K),Ramashankar Prasad Singh,28.7,47614.0,21.56,29.070000000000004,7.510000000000005,False,56.88,65.02000000000001,0.0
320,100,Kasganj,Kasganj,47.72,BJP,Devendra Singh,52.67,SP,Man Pal Singh,32.92,46265.0,19.75,23.859999999999996,4.109999999999996,False,60.5,58.21999999999999,0.0
321,91,Fatehpur Sikri,Agra,47.69,BJP,Babulal Chaudhary,46.14,RLD,Brijesh Chahar,26.69,47269.0,19.45,23.009999999999998,3.5599999999999987,False,61.1,57.12,0.0
322,337,Deoria,Deoria,47.63,BJP,Shalabh Mani Tripathi,53.52,SP,Ajay Pratap Singh,33.13,40655.0,20.39,25.429999999999996,5.039999999999996,False,59.22,60.07999999999999,0.0
323,231,Charkhari,Mahoba,47.47,BJP,Brijbhushan Rajpoot,45.75,SP,Ramjeevan Yadav,26.97,41881.0,18.78,20.87,2.09,False,62.44,54.18,0.0
324,330,Padrauna,Kushinagar,47.4,BJP,Manish Jaiswal,49.8,SP,Vikram Yadav,31.53,42008.0,18.269999999999996,19.39,1.1200000000000045,False,63.46000000000001,52.24000000000001,0.0
325,326,Chauri-Chaura,Gorakhpur,47.27,BJP,Sarvan Kumar Nishad,44.65,SP,Brijesh Chandra Lal Paswan,24.68,41127.0,19.97,23.71,3.740000000000002,False,60.06,57.480000000000004,0.0
326,225,Garautha,Jhansi,46.37,BJP,Jawahar Lal Rajput,48.34,SP,Deep Narayan Singh,34.07,33662.0,14.270000000000003,7.0,-7.270000000000003,False,71.46,35.459999999999994,0.0
327,92,Kheragarh,Agra,46.27,BJP,Bhagwan Singh Kushwaha,47.05,INC,Ramnath Shikarwar,29.27,36497.0,17.779999999999998,16.189999999999998,-1.5899999999999999,False,64.44,46.82,0.0
328,163,Safipur (SC),Unnao,45.72,BJP,Bamba Lal Diwakar,52.13,SP,Sudhir Kumar,34.85,34132.0,17.28,13.940000000000005,-3.3399999999999963,False,65.44,43.32000000000001,0.0
329,215,Kidwai Nagar,Kanpur Nagar,45.67,BJP,Mahesh Trivedi,55.39,INC,Ajay Kapoor,37.06,37760.0,18.33,16.659999999999997,-1.6700000000000017,False,63.34,46.66,0.0
330,327,Bansgaon (SC),Gorakhpur,45.36,BJP,Vimlesh Paswan,46.26,SP,Sanjay Kumar,29.13,32209.0,17.13,12.939999999999998,-4.190000000000001,False,65.74000000000001,41.62,0.0
331,77,Iglas (SC),Aligarh,45.34,BJP,Rajkumar Sahyogi,52.35,RLD,Birpal Diwakar,28.0,59163.0,24.35,32.17,7.82,False,51.3,65.64,0.0
332,298,Colonelganj,Gonda,45.19,BJP,Ajay,55.8,SP,Yogesh Pratap Singh,37.49,35472.0,18.309999999999995,15.809999999999999,-2.4999999999999964,False,63.38000000000001,45.00000000000001,0.0
333,209,Bilhaur (SC),Kanpur Nagar,45.12,BJP,Rahul Bachha Sonkar,50.34,SP,Rachna Singh,33.02,42351.0,17.32,13.05,-4.27,False,65.36,41.46,0.0
334,87,Agra Cantonment (SC),Agra,45.1,BJP,G S Dharmesh,46.78,SP,Kunwar Chand,27.44,48697.0,19.34,18.409999999999997,-0.9300000000000033,False,61.32,48.13999999999999,0.0
335,170,Sarojini Nagar,Lucknow,44.63,BJP,Rajeshwar Singh,49.07,SP,Abhishek Mishra,31.9,56186.0,17.17,11.830000000000002,-5.34,False,65.66,39.32,0.0
336,271,Rudauli,Ayodhya,44.34,BJP,Ram Chandra Yadav,42.95,SP,Anand Sen,24.4,40616.0,18.550000000000004,15.030000000000001,-3.520000000000003,False,62.89999999999999,42.959999999999994,0.0
337,332,Fazilnagar,Kushinagar,44.15,BJP,Surendra Kumar Kushwaha,51.61,SP,Swami Prasad Maurya,31.15,45014.0,20.46,19.81,-0.6500000000000021,False,59.08,48.699999999999996,0.0
338,83,Goverdhan,Mathura,43.94,BJP,Karinda Singh,45.21,BSP,Rajkumar Rawat,26.03,42507.0,19.18,16.049999999999997,-3.1300000000000026,False,61.64,43.739999999999995,0.0
339,319,Paniyara,Maharajganj,43.94,BJP,Gyanendra Singh,52.11,SP,Krishnabhan Singh Sainthwar,28.48,61428.0,23.63,27.92,4.290000000000003,False,52.74,58.580000000000005,0.0
340,175,Lucknow Cantonment,Lucknow,43.9,BJP,Brajesh Pathak,54.7,SP,Raju Gandhi,34.71,39512.0,19.990000000000002,18.14,-1.8500000000000014,False,60.019999999999996,46.3,0.0
341,320,Caimpiyarganj,Gorakhpur,43.76,BJP,Fateh Bahadur Singh,54.38,SP,Kajal Nishad,35.37,42656.0,19.010000000000005,15.29,-3.720000000000006,False,61.97999999999999,42.55999999999999,0.0
342,50,Chhaprauli,Baghpat,43.66,RLD,Ajay Kumar,53.3,BJP,Sahender Singh,39.24,29508.0,14.059999999999995,1.9299999999999997,-12.129999999999995,False,71.88000000000001,25.74000000000001,0.0
343,173,Lucknow East,Lucknow,43.28,BJP,Ashutosh Tandon,59.4,SP,Anurag Bhadouria,32.7,68731.0,26.699999999999996,35.0,8.300000000000004,False,46.60000000000001,66.60000000000001,0.0
344,331,Tamkuhi Raj,Kushinagar,43.19,BJP,Asim Kumar,50.81,SP,Uday Narayan,21.47,66472.0,29.340000000000003,8.55,-20.790000000000003,True,41.31999999999999,8.419999999999995,100.0
345,373,Jakhanian (SC),Ghazipur,43.13,SBSP,Triveni Ram,44.53,BJP,Ramraj Vanvasi,30.05,36865.0,14.48,2.1599999999999966,-12.320000000000004,False,71.03999999999999,25.359999999999992,0.0
346,317,Siswa,Maharajganj,42.93,BJP,Prem Sagar Patel,50.05,SP,Sushil Kumar Tibrewal,25.46,62731.0,24.589999999999996,28.790000000000003,4.200000000000006,False,50.82000000000001,58.40000000000001,0.0
347,374,Saidpur (SC),Ghazipur,42.7,SP,Ankit Bharti,46.36,BJP,Subhash Passi,30.88,36635.0,15.48,4.119999999999997,-11.360000000000003,False,69.03999999999999,27.279999999999994,0.0
348,33,Sambhal,Sambhal,42.57,SP,Iqbal Mehmood,43.73,BJP,Rajesh Singhal,26.7,41697.0,17.029999999999998,8.030000000000001,-8.999999999999996,False,65.94,32.00000000000001,0.0
349,291,Tulsipur,Balrampur,42.5,BJP,Kailash Nath Shukla,42.92,IND,Zeba Rizwan,25.27,35841.0,17.650000000000002,9.560000000000002,-8.09,False,64.69999999999999,33.82,0.0
350,130,Bisalpur,Pilibhit,42.5,BJP,Vivek Kumar Verma,50.55,SP,Divya Gangwar,29.52,50409.0,21.029999999999998,18.58,-2.4499999999999993,False,57.940000000000005,45.1,0.0
351,101,Amanpur,Kasganj,42.49,BJP,Hariom Verma,50.4,SP,Satybhan Shakya,27.74,43329.0,22.66,22.91,0.25,False,54.68,50.5,0.0
352,161,Sandila,Hardoi,42.17,BJP,Alka Singh Arkvanshi,49.76,BSP,Abdul Mannan,31.61,37103.0,18.15,10.350000000000001,-7.799999999999997,False,63.7,34.400000000000006,0.0
353,348,Nizamabad,Azamgarh,42.07,SP,Alambadi,43.22,BJP,Manoj,24.71,34187.0,18.509999999999998,11.149999999999999,-7.359999999999999,False,62.980000000000004,35.28,0.0
354,29,Kundarki,Moradabad,42.06,SP,Zia ur Rahman Barq,46.28,BJP,Kamal Prajapati,30.4,43162.0,15.880000000000003,4.109999999999999,-11.770000000000003,False,68.24,26.459999999999994,0.0
355,325,Khajani (SC),Gorakhpur,41.73,BJP,Sriram Chauhan,45.31,SP,Rupawati Beldar,26.71,37101.0,18.6,10.82,-7.780000000000001,False,62.8,34.44,0.0
356,376,Jangipur,Ghazipur,41.56,SP,Virendra Kumar Yadav,44.75,BJP,Ramnaresh Kushwah,29.53,35063.0,15.219999999999999,1.5199999999999996,-13.7,False,69.56,22.6,0.0
357,230,Mahoba,Mahoba,41.13,BJP,Rakesh Kumar Goswami,45.61,SP,Manoj Tiwari,24.64,43447.0,20.97,16.130000000000003,-4.839999999999996,False,58.06,40.32000000000001,0.0
358,193,Amritpur,Farrukhabad,40.62,BJP,Sushil Kumar Shakya,53.1,SP,Dr. Jitendra Singh Yadav,29.1,44686.0,24.0,23.37,-0.629999999999999,False,52.0,48.74,0.0
359,70,Khurja (SC),Bulandshahr,40.02,BJP,Meenakshi Singh,52.99,SP,Banshi Singh,27.13,67084.0,25.860000000000003,27.33,1.4699999999999953,False,48.279999999999994,52.93999999999999,0.0
360,222,Babina,Jhansi,39.05,BJP,Rajeev Singh Parichha,50.44,SP,Yashpal Singh Yadav,31.46,44529.0,18.979999999999997,7.3700000000000045,-11.609999999999992,False,62.040000000000006,26.780000000000015,0.0
361,69,Shikarpur,Bulandshahr,38.52,BJP,Anil Sharma,53.04,RLD,Kiran Pal Singh,27.1,55683.0,25.939999999999998,25.04,-0.8999999999999986,False,48.120000000000005,48.2,0.0
362,324,Sahajanwa,Gorakhpur,38.5,BJP,Pradeep Shukla,47.21,SP,Yashwant Singh Rawat,27.87,43406.0,19.34,7.400000000000002,-11.939999999999998,False,61.32,26.120000000000005,0.0
363,336,Rudrapur,Deoria,38.04,BJP,Jai Prakash Nishad,42.99,SP,Ram Bhuwal Nishad,19.93,41936.0,23.060000000000002,16.560000000000002,-6.5,False,53.879999999999995,37.0,0.0
364,37,Rampur,Rampur,38.0,SP,Azam Khan,59.71,BJP,Akash Saxena,34.62,55141.0,25.090000000000003,21.900000000000002,-3.1900000000000013,False,49.81999999999999,43.62,0.0
365,27,Moradabad Rural,Moradabad,36.76,SP,Mohd Nasir Qureshi,56.88,BJP,Krishnakant Mishra,34.34,27820.0,22.54,13.04,-9.5,False,54.92,31.0,0.0
366,334,Hata,Kushinagar,36.59,BJP,Mohan Verma,55.7,SP,Ranvijay Singh,28.3,59365.0,27.400000000000002,25.720000000000002,-1.6799999999999997,False,45.199999999999996,46.64,0.0
367,88,Agra South,Agra,36.57,BJP,Yogendra Upadhyaya,52.39,SP,Vinay Agarwal,25.23,56640.0,27.16,25.05,-2.1099999999999994,False,45.68,45.78,0.0
368,217,Maharajpur,Kanpur Nagar,36.25,BJP,Satish Mahana,60.6,SP,Fateh Bahadur Singh Gill,28.0,82261.0,32.6,39.010000000000005,6.410000000000004,False,34.8,62.82000000000001,0.0
369,71,Khair (SC),Aligarh,36.1,BJP,Anoop Pradhan,55.55,BSP,Charu Kain,25.98,74341.0,29.569999999999997,30.69,1.1200000000000045,False,40.86000000000001,52.24000000000001,0.0
370,318,Maharajganj (SC),Maharajganj,36.09,BJP,Jai Mangal Kanojiya,51.08,IND,Nirmesh Mangal,22.53,76903.0,28.549999999999997,27.949999999999996,-0.6000000000000014,False,42.900000000000006,48.8,0.0
371,299,Tarabganj,Gonda,35.84,BJP,Prem Narayan Pandey,59.39,SP,Ram Bhajan Chaubey,33.95,53690.0,25.439999999999998,19.24,-6.199999999999999,False,49.120000000000005,37.6,0.0
372,93,Fatehabad,Agra,35.39,BJP,Chotelal Verma,50.46,SP,Rupali Dixit,25.77,53235.0,24.69,16.489999999999995,-8.200000000000006,False,50.62,33.59999999999999,0.0
373,34,Suar,Rampur,34.82,SP,Abdullah Azam Khan,59.19,AD(S),Haidar Ali Khan,30.62,61103.0,28.569999999999997,25.889999999999997,-2.6799999999999997,False,42.86000000000001,44.64,0.0
374,68,Debai,Bulandshahr,34.37,BJP,Chandrapal Singh,58.6,SP,Harish Kumar,27.61,68025.0,30.990000000000002,31.59,0.5999999999999979,False,38.019999999999996,51.199999999999996,0.0
375,399,Marihan,Mirzapur,34.35,BJP,Rama Shankar Singh,44.51,BSP,Narendra Singh Kushwaha,17.94,62911.0,26.569999999999997,19.769999999999996,-6.800000000000001,False,46.86000000000001,36.4,0.0
376,247,Vishwanathganj,Pratapgarh,33.94,AD(S),Jeet Lal Patel,43.21,SP,Saurabh Singh,19.3,48052.0,23.91,12.0,-11.91,False,52.18,26.18,0.0
377,90,Agra Rural (SC),Agra,33.8,BJP,Baby Rani Maurya,52.63,BSP,Kiran Prabha Keshari,23.26,76608.0,29.37,26.32,-3.0500000000000007,False,41.26,43.9,0.0
378,63,Jewar,Gautam Buddha Nagar,32.49,BJP,Dhirendra Singh,50.53,RLD,Avtar Singh Bhadana,26.25,56315.0,24.28,10.559999999999995,-13.720000000000006,False,51.44,22.559999999999988,0.0
379,110,Karhal,Mainpuri,32.21,SP,Akhilesh Yadav,60.12,BJP,S.P. Singh Baghel,32.74,67504.0,27.379999999999995,18.360000000000003,-9.019999999999992,False,45.24000000000001,31.960000000000015,0.0
380,227,Mehroni (SC),Lalitpur,32.21,BJP,Manohar Lal Panth,54.86,BSP,Kiran Ramesh Khatik,22.07,110451.0,32.79,32.79,0.0,False,34.42,50.0,0.0
381,223,Jhansi Nagar,Jhansi,30.56,BJP,Ravi Sharma,58.65,SP,Sitaram Kushwaha,28.45,76353.0,30.2,23.13,-7.07,False,39.6,35.86,0.0
382,377,Zahoorabad,Ghazipur,29.8,SBSP,Om Prakash Rajbhar,46.45,BJP,Kalicharan Rajbhar,21.49,45632.0,24.960000000000004,7.900000000000002,-17.060000000000002,False,50.07999999999999,15.879999999999995,0.0
383,54,Muradnagar,Ghaziabad,29.73,BJP,Ajit Pal Tyagi,61.63,RLD,Surendra Kumar,26.28,97295.0,35.35,35.489999999999995,0.13999999999999346,False,29.299999999999997,50.27999999999999,0.0
384,67,Anupshahr,Bulandshahr,28.82,BJP,Sanjay Kumar Sharma,52.64,BSP,Rameshwar Lodhi,20.11,77623.0,32.53,26.44,-6.09,False,34.94,37.82,0.0
385,321,Pipraich,Gorakhpur,27.68,BJP,Mahendra Pal Singh,54.86,SP,Amrendra Nishad,29.57,65357.0,25.29,5.239999999999998,-20.05,False,49.42,9.899999999999999,0.0
386,262,Allahabad North,Prayagraj,27.27,BJP,Harshvardhan Bajpai,55.07,SP,Sandeep Yadav,23.88,54883.0,31.19,20.29,-10.900000000000002,False,37.62,28.199999999999996,0.0
387,66,Syana,Bulandshahr,26.94,BJP,Devendra Singh Lodhi,58.9,RLD,Dilnawaj Khan,23.49,89657.0,35.41,31.0,-4.409999999999997,False,29.180000000000007,41.18000000000001,0.0
388,128,Barkhera,Pilibhit,26.78,BJP,Swami Pravaktanand,63.8,SP,Hemraj Verma,29.55,81472.0,34.25,27.639999999999997,-6.610000000000003,False,31.5,36.779999999999994,0.0
389,226,Lalitpur,Lalitpur,26.59,BJP,Ramratan Kushwaha,52.99,BSP,Chandrabhusan Bundela,20.81,107215.0,32.18000000000001,21.8,-10.380000000000006,False,35.639999999999986,29.239999999999988,0.0
390,390,Varanasi Cantt.,Varanasi,24.23,BJP,Saurabh Srivastava,60.63,SP,Pooja Yadav,25.01,86844.0,35.620000000000005,27.04,-8.580000000000005,False,28.75999999999999,32.83999999999999,0.0
391,84,Mathura,Mathura,22.46,BJP,Shrikant Sharma,60.26,INC,Pradeep Mathur,18.61,109803.0,41.65,40.17,-1.4799999999999969,False,16.700000000000003,47.040000000000006,0.0
392,78,Hathras (SC),Hathras,21.52,BJP,Anjula Singh Mahaur,58.79,BSP,Sanjeev Kumar,20.45,100856.0,38.34,29.779999999999998,-8.560000000000006,False,23.319999999999993,32.87999999999999,0.0
393,199,Jaswantnagar,Etawah,21.23,SP,Shivpal Singh Yadav,62.97,BJP,Vivek Shakya,27.1,90979.0,35.87,22.699999999999996,-13.170000000000002,False,28.260000000000005,23.659999999999997,0.0
394,212,Govindnagar,Kanpur Nagar,21.15,BJP,Surendra Maithani,61.03,SP,Vikas Yadav,19.05,80896.0,41.980000000000004,38.86,-3.1200000000000045,False,16.039999999999992,43.75999999999999,0.0
395,62,Dadri,Gautam Buddha Nagar,20.73,BJP,Tejpal Singh Nagar,61.64,SP,Rajkumar Bhati,22.57,138218.0,39.07,30.41,-8.66,False,21.86,32.68,0.0
396,41,Amroha,Amroha,18.81,SP,Mehboob Ali,57.43,BJP,Ram Singh,25.74,71036.0,31.69,7.52,-24.17,False,36.62,1.6599999999999966,0.0
397,72,Barauli,Aligarh,15.59,BJP,Thakur Jaivir Singh,60.57,BSP,Narendra Kumar Sharma,23.47,90645.0,37.1,16.580000000000005,-20.519999999999996,False,25.799999999999997,8.960000000000008,0.0
398,322,Gorakhpur Urban,Gorakhpur,15.57,BJP,Yogi Adityanath,66.18,SP,Subhawati Shukla,24.84,103390.0,41.34,27.86,-13.480000000000004,False,17.319999999999993,23.039999999999992,0.0
399,55,Sahibabad,Ghaziabad,15.02,BJP,Sunil Kumar Sharma,67.03,SP,Amarpal Sharma,22.43,214835.0,44.6,35.64,-8.96,False,10.799999999999997,32.08,0.0
400,56,Ghaziabad,Ghaziabad,14.84,BJP,Atul Garg,61.37,SP,Vishal Verma,18.25,105537.0,43.12,31.380000000000003,-11.739999999999995,False,13.760000000000005,26.52000000000001,0.0
401,89,Agra North,Agra,12.9,BJP,Purushottam Khandelwal,63.89,BSP,Shabbir Abbas,17.22,112370.0,46.67,37.620000000000005,-9.049999999999997,False,6.659999999999997,31.900000000000006,0.0
402,61,Noida,Gautam Buddha Nagar,8.43,BJP,Pankaj Singh,70.16,SP,Sunil Choudhary,18.04,181513.0,52.12,41.17,-10.949999999999996,False,0.0,28.10000000000001,0.0
403,47,Meerut Cantt,Meerut,7.24,BJP,Amit Agrawal,66.27,RLD,Manisha Ahlawat,17.98,118072.0,48.28999999999999,32.5,-15.789999999999992,False,3.420000000000016,18.420000000000016,0.0
